{
  "id": "1902131",
  "name": "元隆有品商城",
  "font_family": "iconfont",
  "css_prefix_text": "icon-",
  "description": "",
  "glyphs": [
    {
      "icon_id": "15552952",
      "name": "collect-2",
      "font_class": "collect-2",
      "unicode": "e621",
      "unicode_decimal": 58913
    },
    {
      "icon_id": "15528746",
      "name": "chat@1x",
      "font_class": "chat1x",
      "unicode": "e620",
      "unicode_decimal": 58912
    },
    {
      "icon_id": "15515256",
      "name": "to_left@1x",
      "font_class": "to_left1x",
      "unicode": "e619",
      "unicode_decimal": 58905
    },
    {
      "icon_id": "15515257",
      "name": "collect@1x",
      "font_class": "collect1x",
      "unicode": "e61a",
      "unicode_decimal": 58906
    },
    {
      "icon_id": "15515258",
      "name": "search@1x",
      "font_class": "search1x",
      "unicode": "e61b",
      "unicode_decimal": 58907
    },
    {
      "icon_id": "15515259",
      "name": "to_right@1x",
      "font_class": "to_right1x",
      "unicode": "e61c",
      "unicode_decimal": 58908
    },
    {
      "icon_id": "15515260",
      "name": "shopping_cart@1x",
      "font_class": "shopping_cart1x",
      "unicode": "e61d",
      "unicode_decimal": 58909
    },
    {
      "icon_id": "15495393",
      "name": "omit@1x",
      "font_class": "omit1x",
      "unicode": "e614",
      "unicode_decimal": 58900
    },
    {
      "icon_id": "15495394",
      "name": "star@1x",
      "font_class": "star1x",
      "unicode": "e615",
      "unicode_decimal": 58901
    },
    {
      "icon_id": "15495395",
      "name": "user@1x",
      "font_class": "user1x",
      "unicode": "e616",
      "unicode_decimal": 58902
    },
    {
      "icon_id": "15495396",
      "name": "deliver@1x",
      "font_class": "deliver1x",
      "unicode": "e617",
      "unicode_decimal": 58903
    },
    {
      "icon_id": "15495398",
      "name": "shopping@1x",
      "font_class": "shopping1x",
      "unicode": "e618",
      "unicode_decimal": 58904
    },
    {
      "icon_id": "15498938",
      "name": "radio button-1@1x",
      "font_class": "radiobutton-11x",
      "unicode": "e61e",
      "unicode_decimal": 58910
    },
    {
      "icon_id": "15498939",
      "name": "radio button-2@1x",
      "font_class": "radiobutton-21x",
      "unicode": "e61f",
      "unicode_decimal": 58911
    },
    {
      "icon_id": "15495065",
      "name": "advice@1x",
      "font_class": "advice1x",
      "unicode": "e601",
      "unicode_decimal": 58881
    },
    {
      "icon_id": "15495371",
      "name": "checkbox_checked@1x",
      "font_class": "checkbox_checked1x",
      "unicode": "e602",
      "unicode_decimal": 58882
    },
    {
      "icon_id": "15495372",
      "name": "close@1x",
      "font_class": "close1x",
      "unicode": "e603",
      "unicode_decimal": 58883
    },
    {
      "icon_id": "15495373",
      "name": "checkbox_disabled@1x",
      "font_class": "checkbox_disabled1x",
      "unicode": "e604",
      "unicode_decimal": 58884
    },
    {
      "icon_id": "15495375",
      "name": "clear@1x",
      "font_class": "clear1x",
      "unicode": "e605",
      "unicode_decimal": 58885
    },
    {
      "icon_id": "15495376",
      "name": "left_arrow@1x",
      "font_class": "left_arrow1x",
      "unicode": "e606",
      "unicode_decimal": 58886
    },
    {
      "icon_id": "15495377",
      "name": "down_arrow@1x",
      "font_class": "down_arrow1x",
      "unicode": "e607",
      "unicode_decimal": 58887
    },
    {
      "icon_id": "15495379",
      "name": "delete@1x",
      "font_class": "delete1x",
      "unicode": "e608",
      "unicode_decimal": 58888
    },
    {
      "icon_id": "15495380",
      "name": "checkbox@1x",
      "font_class": "checkbox1x",
      "unicode": "e609",
      "unicode_decimal": 58889
    },
    {
      "icon_id": "15495381",
      "name": "cs@1x",
      "font_class": "cs1x",
      "unicode": "e60a",
      "unicode_decimal": 58890
    },
    {
      "icon_id": "15495382",
      "name": "phone@1x",
      "font_class": "phone1x",
      "unicode": "e60b",
      "unicode_decimal": 58891
    },
    {
      "icon_id": "15495383",
      "name": "edit@1x",
      "font_class": "edit1x",
      "unicode": "e60c",
      "unicode_decimal": 58892
    },
    {
      "icon_id": "15495384",
      "name": "menu@1x",
      "font_class": "menu1x",
      "unicode": "e60d",
      "unicode_decimal": 58893
    },
    {
      "icon_id": "15495385",
      "name": "contact@1x",
      "font_class": "contact1x",
      "unicode": "e60e",
      "unicode_decimal": 58894
    },
    {
      "icon_id": "15495386",
      "name": "up_arrow@1x",
      "font_class": "up_arrow1x",
      "unicode": "e60f",
      "unicode_decimal": 58895
    },
    {
      "icon_id": "15495387",
      "name": "right_arrow@1x",
      "font_class": "right_arrow1x",
      "unicode": "e610",
      "unicode_decimal": 58896
    },
    {
      "icon_id": "15495388",
      "name": "plus@1x",
      "font_class": "plus1x",
      "unicode": "e611",
      "unicode_decimal": 58897
    },
    {
      "icon_id": "15495389",
      "name": "minus@1x",
      "font_class": "minus1x",
      "unicode": "e612",
      "unicode_decimal": 58898
    },
    {
      "icon_id": "15495390",
      "name": "required@1x",
      "font_class": "required1x",
      "unicode": "e613",
      "unicode_decimal": 58899
    }
  ]
}
